User ID,Last Name,First Name,Middle Name,Honorific Prefix,Honorific Suffix,Display Name,Nick Name,Title,User Type,Locale,Preferred Language,TimeZone,Active,Work Email,Primary Email Type,Work Phone,Mobile No,Work Street Address,Work City,Work State,Work Postal Code,Work Country,Federated,Employee Number,Cost Center,Organization,Division,Department,Manager Namedcrane,Crane,Danny,W,dr,suff,Danny Crane,Danny,Mr,Employee,en,en-US,Etc/UTC,TRUE,demoidcs+user1@gmail.com,work,9800000000,9800000001,Plot 8,Belmont,California,201301,US,FALSE,10,I1RB,IN,Division1,D2,sdowns,Downs,Sally,A,dr,suff,Sally Downs,Sally,Mrs,Employee,en,en-US,America/Los_Angeles,TRUE,demoidcs+user2@gmail.com,,9800000000,9800000001,Plot 8,San Mateo,california,201301,US,FALSE,20,I1RB,IN,Division1,D2,gdavis,Davis,Grace,V,dr,suff,Grace Davis,Grace,Ms,Employee,en,fr,Etc/UTC,TRUE,demoidcs+user3@gmail.com,,9800000000,9800000001,Plot 8,belmont,California,201301,US,FALSE,30,I1RB,IN,Division1,D2,jwells,Wells,John,T,dr,suff,John Wells,Jhonny,Mr,Employee,en,en-US,America/Los_Angeles,TRUE,demoidcs+user4@gmail.com,,9800000000,9800000001,Plot 8,Fremont,California,201301,US,FALSE,40,I1RB,IN,Division1,D2,echen,Chen,Ernie,W,dr,suff,Ernie Chen,Ernie,Mr,Employee,en,en-US,Etc/UTC,TRUE,demoidcs+user5@gmail.com,work,9800000000,9800000001,Plot 8,Belmont,California,201301,US,FALSE,10,I1RB,IN,Division1,D2,nito,Ito,Noriko,A,dr,suff,Noriko Ito,Noriko,Mrs,Employee,en,en-US,America/Los_Angeles,TRUE,demoidcs+user6@gmail.com,,9800000000,9800000001,Plot 8,San Mateo,california,201301,US,FALSE,20,I1RB,IN,Division1,D2,rsharma,Sharma,Rohit,V,dr,suff,Rohit Sharma,Rohit,Mr,Employee,en,fr,Etc/UTC,TRUE,demoidcs+user7@gmail.com,,9800000000,9800000001,Plot 8,belmont,California,201301,US,FALSE,30,I1RB,IN,Division1,D2,rsingh,Singh,Robin,T,dr,suff,Robin Singh,Robin,Mr,Employee,en,en-US,America/Los_Angeles,TRUE,demoidcs+user8@gmail.com,,9800000000,9800000001,Plot 8,Fremont,California,201301,US,FALSE,40,I1RB,IN,Division1,D2,cburks,Burks,Cora,W,dr,suff,Cora Burks,Cora,Ms,Employee,en,en-US,Etc/UTC,TRUE,demoidcs+user9@gmail.com,work,9800000000,9800000001,Plot 8,Belmont,California,201301,US,FALSE,10,I1RB,IN,Division1,D2,mhines,Hines,Malia,A,dr,suff,Malia Hines,Malia,Mrs,Employee,en,en-US,America/Los_Angeles,TRUE,demoidcs+user10@gmail.com,,9800000000,9800000001,Plot 8,San Mateo,california,201301,US,FALSE,20,I1RB,IN,Division1,D2,hkaul,Kaul,Hans,V,dr,suff,Hans Kaul,Hans,Mr,Employee,en,fr,Etc/UTC,TRUE,demoidcs+user11@gmail.com,,9800000000,9800000001,Plot 8,belmont,California,201301,US,FALSE,30,I1RB,IN,Division1,D2,aolsen,Olsen,Amy,T,dr,suff,Amy Olsen,Amy,Mrs,Employee,en,en-US,America/Los_Angeles,TRUE,demoidcs+user12@gmail.com,,9800000000,9800000001,Plot 8,Fremont,California,201301,US,FALSE,40,I1RB,IN,Division1,D2,jschultz,Schultz,John,W,dr,suff,John Schultz,John,Mr,Employee,en,en-US,Etc/UTC,TRUE,demoidcs+user13@gmail.com,work,9800000000,9800000001,Plot 8,Belmont,California,201301,US,FALSE,10,I1RB,IN,Division1,D2,malvaro,Alvaro,Miguel,A,dr,suff,Miguel Alvaro,Miguel,Mrs,Employee,en,en-US,America/Los_Angeles,TRUE,demoidcs+user14@gmail.com,,9800000000,9800000001,Plot 8,San Mateo,california,201301,US,FALSE,20,I1RB,IN,Division1,D2,jhope,Hope,John,V,dr,suff,John Hope,John,Mr,Employee,en,fr,Etc/UTC,TRUE,demoidcs+user15@gmail.com,,9800000000,9800000001,Plot 8,belmont,California,201301,US,FALSE,30,I1RB,IN,Division1,D2,bjones,Jones,Ben,T,dr,suff,Ben Jones,Ben,Mr,Employee,en,en-US,America/Los_Angeles,TRUE,demoidcs+user16@gmail.com,,9800000000,9800000001,Plot 8,Fremont,California,201301,US,FALSE,40,I1RB,IN,Division1,D2,elee,Lee,Eric,W,dr,suff,Eric Lee,Eric,Mr,Employee,en,en-US,Etc/UTC,TRUE,demoidcs+user17@gmail.com,work,9800000000,9800000001,Plot 8,Belmont,California,201301,US,FALSE,10,I1RB,IN,Division1,D2,cmiller,Miller,Chuck,A,dr,suff,Chuck Miller,Chuck,Mrs,Employee,en,en-US,America/Los_Angeles,TRUE,demoidcs+user18@gmail.com,,9800000000,9800000001,Plot 8,San Mateo,california,201301,US,FALSE,20,I1RB,IN,Division1,D2,atorres,Torres,Anna,V,dr,suff,Anna Torres,Anna,Ms,Employee,en,fr,Etc/UTC,TRUE,demoidcs+user19@gmail.com,,9800000000,9800000001,Plot 8,belmont,California,201301,US,FALSE,30,I1RB,IN,Division1,D2,tbaker,Baker,Tom,T,dr,suff,Tom Baker,Tom,Mr,Employee,en,en-US,America/Los_Angeles,TRUE,demoidcs+user20@gmail.com,,9800000000,9800000001,Plot 8,Fremont,California,201301,US,FALSE,40,I1RB,IN,Division1,D2,bberg,Berg,Beth,W,dr,suff,Beth Berg,Beth,Ms,Employee,en,en-US,Etc/UTC,TRUE,demoidcs+user21@gmail.com,work,9800000000,9800000001,Plot 8,Belmont,California,201301,US,FALSE,10,I1RB,IN,Division1,D2,mfeldman,Feldman,Mary,A,dr,suff,Mary Feldman,Mary,Mrs,Employee,en,en-US,America/Los_Angeles,TRUE,demoidcs+user22@gmail.com,,9800000000,9800000001,Plot 8,San Mateo,california,201301,US,FALSE,20,I1RB,IN,Division1,D2,jfreel,Freel,Jerry,V,dr,suff,Jerry Freel,Jerry,Mr,Employee,en,fr,Etc/UTC,TRUE,demoidcs+user23@gmail.com,,9800000000,9800000001,Plot 8,belmont,California,201301,US,FALSE,30,I1RB,IN,Division1,D2,jhill,Hill,Jane,T,dr,suff,Jane Hill,Jane,Mrs,Employee,en,en-US,America/Los_Angeles,TRUE,demoidcs+user24@gmail.com,,9800000000,9800000001,Plot 8,Fremont,California,201301,US,FALSE,40,I1RB,IN,Division1,D2,cpitt,Pitt,Carol,W,dr,suff,Carol Pitt,Carol,Mrs,Employee,en,en-US,Etc/UTC,TRUE,demoidcs+user25@gmail.com,work,9800000000,9800000001,Plot 8,Belmont,California,201301,US,FALSE,10,I1RB,IN,Division1,D2,mpowell,Powell,Maria,A,dr,suff,Maria Powell,Maria,Mrs,Employee,en,en-US,America/Los_Angeles,TRUE,demoidcs+user26@gmail.com,,9800000000,9800000001,Plot 8,San Mateo,california,201301,US,FALSE,20,I1RB,IN,Division1,D2,msmith,Smith,Mark,V,dr,suff,Mark Smith,Mark,Mr,Employee,en,fr,Etc/UTC,TRUE,demoidcs+user27@gmail.com,,9800000000,9800000001,Plot 8,belmont,California,201301,US,FALSE,30,I1RB,IN,Division1,D2,ayoung,Young,Angus,T,dr,suff,Angus Young,Angus,Mr,Employee,en,en-US,America/Los_Angeles,TRUE,demoidcs+user28@gmail.com,,9800000000,9800000001,Plot 8,Fremont,California,201301,US,FALSE,40,I1RB,IN,Division1,D2,ppan,Pan,Peter,W,dr,suff,Peter Pan,Peter,Mr,Employee,en,en-US,Etc/UTC,TRUE,demoidcs+user29@gmail.com,work,9800000000,9800000001,Plot 8,Belmont,California,201301,US,FALSE,10,I1RB,IN,Division1,D2,smarsh,Marsh,Shawn,A,dr,suff,Shawn Marsh,Shawn,Mr,Employee,en,en-US,America/Los_Angeles,TRUE,demoidcs+user30@gmail.com,,9800000000,9800000001,Plot 8,San Mateo,california,201301,US,FALSE,20,I1RB,IN,Division1,D2,bryan,Ryan,Bill,V,dr,suff,Bill Ryan,Bill,Mr,Employee,en,fr,Etc/UTC,TRUE,demoidcs+user31@gmail.com,,9800000000,9800000001,Plot 8,belmont,California,201301,US,FALSE,30,I1RB,IN,Division1,D2,jdoe,Doe,John,T,dr,suff,John Doe,John,Mr,Employee,en,en-US,America/Los_Angeles,TRUE,demoidcs+user32@gmail.com,,9800000000,9800000001,Plot 8,Fremont,California,201301,US,FALSE,40,I1RB,IN,Division1,D2,